Name,Title,Background,Pic
"Dr. Marcus Greene","Founder & CEO","Holding a Ph.D. in Environmental Science from Stanford, Dr. Greene has always been a passionate advocate for eco-conscious innovations. His visionary leadership is the bedrock on which NaturaTech stands.",images/team/img-1.jpg
"Aisha Kwon",CTO,"Aisha, with her background in bio-engineering, is the mastermind behind the cutting-edge technologies at NaturaTech. She believes in harnessing nature's wisdom to address modern challenges.",images/team/img-2.jpg
"Carlos Mendoza","Chief of Design","Carlos, an alumnus of Design Academy Eindhoven, combines minimalism with bio-inspired designs, making NaturaTech's products not only functional but also aesthetically appealing.",images/team/img-3.jpg
"Lydia D'souza","VP of Operations","Lydia's expertise lies in sustainable supply chains. She ensures that every step in NaturaTech's operations is ethical, green, and efficient.",images/team/img-4.jpg
"Jamal Ahem","Head of EcoLearn buh","Jamal, a former environmental studies professor from Yale, curates and oversees the rich tapestry of courses offered by EcoLearn, spreading eco-awareness across the globe.",images/team/img-1.jpg
"Jason Sand",HPT,"HEad penetration Tester",images/team/img-2.jpg
